,Time,ppg,hr
297600,2018-06-29 11:19:52.000000,-137.38,62.47
297601,2018-06-29 11:19:52.031250,-134.53,62.47
297602,2018-06-29 11:19:52.062500,-99.32,62.47
297603,2018-06-29 11:19:52.093750,-43.41,62.47
297604,2018-06-29 11:19:52.125000,7.38,62.47
297605,2018-06-29 11:19:52.156250,38.87,62.47
297606,2018-06-29 11:19:52.187500,54.23,62.47
297607,2018-06-29 11:19:52.218750,60.26,62.47
297608,2018-06-29 11:19:52.250000,60.67,62.47
297609,2018-06-29 11:19:52.281250,59.0,62.47
297610,2018-06-29 11:19:52.312500,58.92,62.47
297611,2018-06-29 11:19:52.343750,61.23,62.47
297612,2018-06-29 11:19:52.375000,63.87,62.47
297613,2018-06-29 11:19:52.406250,65.43,62.47
297614,2018-06-29 11:19:52.437500,65.94,62.47
297615,2018-06-29 11:19:52.468750,64.56,62.47
297616,2018-06-29 11:19:52.500000,59.22,62.47
297617,2018-06-29 11:19:52.531250,49.63,62.55
297618,2018-06-29 11:19:52.562500,38.83,62.55
297619,2018-06-29 11:19:52.593750,29.98,62.55
297620,2018-06-29 11:19:52.625000,23.09,62.55
297621,2018-06-29 11:19:52.656250,15.91,62.55
297622,2018-06-29 11:19:52.687500,7.03,62.55
297623,2018-06-29 11:19:52.718750,-2.54,62.55
297624,2018-06-29 11:19:52.750000,-10.4,62.55
297625,2018-06-29 11:19:52.781250,-16.19,62.55
297626,2018-06-29 11:19:52.812500,-23.34,62.55
297627,2018-06-29 11:19:52.843750,-34.78,62.55
297628,2018-06-29 11:19:52.875000,-48.15,62.55
297629,2018-06-29 11:19:52.906250,-58.94,62.55
297630,2018-06-29 11:19:52.937500,-66.59,62.55
297631,2018-06-29 11:19:52.968750,-74.78,62.55
297632,2018-06-29 11:19:53.000000,-87.1,62.55
297633,2018-06-29 11:19:53.031250,-101.36,62.55
297634,2018-06-29 11:19:53.062500,-105.29,62.55
297635,2018-06-29 11:19:53.093750,-84.47,62.55
297636,2018-06-29 11:19:53.125000,-40.63,62.55
297637,2018-06-29 11:19:53.156250,6.01,62.55
297638,2018-06-29 11:19:53.187500,37.07,62.55
297639,2018-06-29 11:19:53.218750,50.12,62.55
297640,2018-06-29 11:19:53.250000,51.37,62.55
297641,2018-06-29 11:19:53.281250,45.99,62.55
297642,2018-06-29 11:19:53.312500,39.17,62.55
297643,2018-06-29 11:19:53.343750,36.65,62.55
297644,2018-06-29 11:19:53.375000,39.47,62.55
297645,2018-06-29 11:19:53.406250,43.29,62.55
297646,2018-06-29 11:19:53.437500,44.71,62.55
297647,2018-06-29 11:19:53.468750,43.92,62.55
297648,2018-06-29 11:19:53.500000,41.27,62.55
297649,2018-06-29 11:19:53.531250,35.78,62.62
297650,2018-06-29 11:19:53.562500,27.09,62.62
297651,2018-06-29 11:19:53.593750,16.21,62.62
297652,2018-06-29 11:19:53.625000,4.85,62.62
297653,2018-06-29 11:19:53.656250,-5.29,62.62
297654,2018-06-29 11:19:53.687500,-13.94,62.62
297655,2018-06-29 11:19:53.718750,-22.61,62.62
297656,2018-06-29 11:19:53.750000,-32.8,62.62
297657,2018-06-29 11:19:53.781250,-43.73,62.62
297658,2018-06-29 11:19:53.812500,-53.25,62.62
297659,2018-06-29 11:19:53.843750,-60.85,62.62
297660,2018-06-29 11:19:53.875000,-69.09,62.62
297661,2018-06-29 11:19:53.906250,-81.97,62.62
297662,2018-06-29 11:19:53.937500,-98.89,62.62
297663,2018-06-29 11:19:53.968750,-107.83,62.62
297664,2018-06-29 11:19:54.000000,-92.44,62.62
297665,2018-06-29 11:19:54.031250,-51.41,62.62
297666,2018-06-29 11:19:54.062500,-3.0,62.62
297667,2018-06-29 11:19:54.093750,33.97,62.62
297668,2018-06-29 11:19:54.125000,54.65,62.62
297669,2018-06-29 11:19:54.156250,62.83,62.62
297670,2018-06-29 11:19:54.187500,62.16,62.62
297671,2018-06-29 11:19:54.218750,56.62,62.62
297672,2018-06-29 11:19:54.250000,51.7,62.62
297673,2018-06-29 11:19:54.281250,50.73,62.62
297674,2018-06-29 11:19:54.312500,52.64,62.62
297675,2018-06-29 11:19:54.343750,54.87,62.62
297676,2018-06-29 11:19:54.375000,55.81,62.62
297677,2018-06-29 11:19:54.406250,54.11,62.62
297678,2018-06-29 11:19:54.437500,48.31,62.62
297679,2018-06-29 11:19:54.468750,38.14,62.62
297680,2018-06-29 11:19:54.500000,24.83,62.62
297681,2018-06-29 11:19:54.531250,10.94,62.67
297682,2018-06-29 11:19:54.562500,-0.98,62.67
297683,2018-06-29 11:19:54.593750,-11.08,62.67
297684,2018-06-29 11:19:54.625000,-22.51,62.67
297685,2018-06-29 11:19:54.656250,-37.22,62.67
297686,2018-06-29 11:19:54.687500,-52.75,62.67
297687,2018-06-29 11:19:54.718750,-65.43,62.67
297688,2018-06-29 11:19:54.750000,-75.63,62.67
297689,2018-06-29 11:19:54.781250,-87.63,62.67
297690,2018-06-29 11:19:54.812500,-105.14,62.67
297691,2018-06-29 11:19:54.843750,-124.96,62.67
297692,2018-06-29 11:19:54.875000,-132.59,62.67
297693,2018-06-29 11:19:54.906250,-111.4,62.67
297694,2018-06-29 11:19:54.937500,-62.51,62.67
297695,2018-06-29 11:19:54.968750,-7.35,62.67
297696,2018-06-29 11:19:55.000000,34.28,62.67
297697,2018-06-29 11:19:55.031250,59.09,62.67
297698,2018-06-29 11:19:55.062500,72.31,62.67
297699,2018-06-29 11:19:55.093750,77.47,62.67
297700,2018-06-29 11:19:55.125000,77.37,62.67
297701,2018-06-29 11:19:55.156250,76.34,62.67
297702,2018-06-29 11:19:55.187500,77.1,62.67
297703,2018-06-29 11:19:55.218750,78.7,62.67
297704,2018-06-29 11:19:55.250000,79.4,62.67
297705,2018-06-29 11:19:55.281250,79.06,62.67
297706,2018-06-29 11:19:55.312500,77.2,62.67
297707,2018-06-29 11:19:55.343750,71.68,62.67
297708,2018-06-29 11:19:55.375000,61.43,62.67
297709,2018-06-29 11:19:55.406250,48.62,62.67
297710,2018-06-29 11:19:55.437500,37.1,62.67
297711,2018-06-29 11:19:55.468750,28.42,62.67
297712,2018-06-29 11:19:55.500000,20.16,62.67
297713,2018-06-29 11:19:55.531250,9.31,62.72
297714,2018-06-29 11:19:55.562500,-3.26,62.72
297715,2018-06-29 11:19:55.593750,-14.4,62.72
297716,2018-06-29 11:19:55.625000,-23.97,62.72
297717,2018-06-29 11:19:55.656250,-35.56,62.72
297718,2018-06-29 11:19:55.687500,-51.49,62.72
297719,2018-06-29 11:19:55.718750,-69.15,62.72
297720,2018-06-29 11:19:55.750000,-83.84,62.72
297721,2018-06-29 11:19:55.781250,-94.88,62.72
297722,2018-06-29 11:19:55.812500,-106.85,62.72
297723,2018-06-29 11:19:55.843750,-124.31,62.72
297724,2018-06-29 11:19:55.875000,-142.87,62.72
297725,2018-06-29 11:19:55.906250,-145.33,62.72
297726,2018-06-29 11:19:55.937500,-115.29,62.72
297727,2018-06-29 11:19:55.968750,-58.36,62.72
297728,2018-06-29 11:19:56.000000,-0.12,62.72
297729,2018-06-29 11:19:56.031250,39.77,62.72
297730,2018-06-29 11:19:56.062500,61.33,62.72
297731,2018-06-29 11:19:56.093750,72.52,62.72
297732,2018-06-29 11:19:56.125000,77.08,62.72
297733,2018-06-29 11:19:56.156250,76.95,62.72
297734,2018-06-29 11:19:56.187500,76.01,62.72
297735,2018-06-29 11:19:56.218750,76.73,62.72
297736,2018-06-29 11:19:56.250000,78.1,62.72
297737,2018-06-29 11:19:56.281250,79.14,62.72
297738,2018-06-29 11:19:56.312500,79.99,62.72
297739,2018-06-29 11:19:56.343750,78.97,62.72
297740,2018-06-29 11:19:56.375000,73.25,62.72
297741,2018-06-29 11:19:56.406250,63.14,62.72
297742,2018-06-29 11:19:56.437500,52.02,62.72
297743,2018-06-29 11:19:56.468750,42.46,62.72
297744,2018-06-29 11:19:56.500000,34.16,62.72
297745,2018-06-29 11:19:56.531250,25.69,62.75
297746,2018-06-29 11:19:56.562500,16.43,62.75
297747,2018-06-29 11:19:56.593750,6.16,62.75
297748,2018-06-29 11:19:56.625000,-4.75,62.75
297749,2018-06-29 11:19:56.656250,-14.81,62.75
297750,2018-06-29 11:19:56.687500,-23.38,62.75
297751,2018-06-29 11:19:56.718750,-32.84,62.75
297752,2018-06-29 11:19:56.750000,-45.59,62.75
297753,2018-06-29 11:19:56.781250,-59.98,62.75
297754,2018-06-29 11:19:56.812500,-72.37,62.75
297755,2018-06-29 11:19:56.843750,-82.09,62.75
297756,2018-06-29 11:19:56.875000,-92.29,62.75
297757,2018-06-29 11:19:56.906250,-107.37,62.75
297758,2018-06-29 11:19:56.937500,-126.78,62.75
297759,2018-06-29 11:19:56.968750,-136.69,62.75
297760,2018-06-29 11:19:57.000000,-117.3,62.75
297761,2018-06-29 11:19:57.031250,-67.2,62.75
297762,2018-06-29 11:19:57.062500,-9.42,62.75
297763,2018-06-29 11:19:57.093750,33.26,62.75
297764,2018-06-29 11:19:57.125000,56.44,62.75
297765,2018-06-29 11:19:57.156250,65.72,62.75
297766,2018-06-29 11:19:57.187500,66.48,62.75
297767,2018-06-29 11:19:57.218750,64.27,62.75
297768,2018-06-29 11:19:57.250000,63.96,62.75
297769,2018-06-29 11:19:57.281250,66.06,62.75
297770,2018-06-29 11:19:57.312500,68.11,62.75
297771,2018-06-29 11:19:57.343750,69.3,62.75
297772,2018-06-29 11:19:57.375000,70.44,62.75
297773,2018-06-29 11:19:57.406250,70.56,62.75
297774,2018-06-29 11:19:57.437500,66.67,62.75
297775,2018-06-29 11:19:57.468750,57.96,62.75
297776,2018-06-29 11:19:57.500000,47.57,62.75
297777,2018-06-29 11:19:57.531250,38.7,62.75
297778,2018-06-29 11:19:57.562500,30.91,62.75
297779,2018-06-29 11:19:57.593750,22.5,62.75
297780,2018-06-29 11:19:57.625000,14.2,62.75
297781,2018-06-29 11:19:57.656250,7.46,62.75
297782,2018-06-29 11:19:57.687500,0.88,62.75
297783,2018-06-29 11:19:57.718750,-7.71,62.75
297784,2018-06-29 11:19:57.750000,-17.13,62.75
297785,2018-06-29 11:19:57.781250,-25.04,62.75
297786,2018-06-29 11:19:57.812500,-32.91,62.75
297787,2018-06-29 11:19:57.843750,-43.74,62.75
297788,2018-06-29 11:19:57.875000,-55.9,62.75
297789,2018-06-29 11:19:57.906250,-64.85,62.75
297790,2018-06-29 11:19:57.937500,-69.65,62.75
297791,2018-06-29 11:19:57.968750,-74.19,62.75
297792,2018-06-29 11:19:58.000000,-83.8,62.75
297793,2018-06-29 11:19:58.031250,-98.97,62.75
297794,2018-06-29 11:19:58.062500,-108.27,62.75
297795,2018-06-29 11:19:58.093750,-94.21,62.75
297796,2018-06-29 11:19:58.125000,-53.2,62.75
297797,2018-06-29 11:19:58.156250,-2.29,62.75
297798,2018-06-29 11:19:58.187500,38.03,62.75
297799,2018-06-29 11:19:58.218750,60.26,62.75
297800,2018-06-29 11:19:58.250000,67.79,62.75
297801,2018-06-29 11:19:58.281250,66.05,62.75
297802,2018-06-29 11:19:58.312500,60.16,62.75
297803,2018-06-29 11:19:58.343750,55.55,62.75
297804,2018-06-29 11:19:58.375000,55.62,62.75
297805,2018-06-29 11:19:58.406250,58.72,62.75
297806,2018-06-29 11:19:58.437500,60.95,62.75
297807,2018-06-29 11:19:58.468750,61.38,62.75
297808,2018-06-29 11:19:58.500000,60.97,62.75
297809,2018-06-29 11:19:58.531250,57.74,62.73
297810,2018-06-29 11:19:58.562500,48.58,62.73
297811,2018-06-29 11:19:58.593750,35.48,62.73
297812,2018-06-29 11:19:58.625000,24.72,62.73
297813,2018-06-29 11:19:58.656250,18.18,62.73
297814,2018-06-29 11:19:58.687500,11.25,62.73
297815,2018-06-29 11:19:58.718750,1.22,62.73
297816,2018-06-29 11:19:58.750000,-8.59,62.73
297817,2018-06-29 11:19:58.781250,-15.59,62.73
297818,2018-06-29 11:19:58.812500,-22.84,62.73
297819,2018-06-29 11:19:58.843750,-33.39,62.73
297820,2018-06-29 11:19:58.875000,-45.1,62.73
297821,2018-06-29 11:19:58.906250,-54.46,62.73
297822,2018-06-29 11:19:58.937500,-61.68,62.73
297823,2018-06-29 11:19:58.968750,-70.05,62.73
297824,2018-06-29 11:19:59.000000,-82.77,62.73
297825,2018-06-29 11:19:59.031250,-97.64,62.73
297826,2018-06-29 11:19:59.062500,-102.04,62.73
297827,2018-06-29 11:19:59.093750,-81.68,62.73
297828,2018-06-29 11:19:59.125000,-38.96,62.73
297829,2018-06-29 11:19:59.156250,6.52,62.73
297830,2018-06-29 11:19:59.187500,37.91,62.73
297831,2018-06-29 11:19:59.218750,52.71,62.73
297832,2018-06-29 11:19:59.250000,55.78,62.73
297833,2018-06-29 11:19:59.281250,51.61,62.73
297834,2018-06-29 11:19:59.312500,45.22,62.73
297835,2018-06-29 11:19:59.343750,42.2,62.73
297836,2018-06-29 11:19:59.375000,44.22,62.73
297837,2018-06-29 11:19:59.406250,47.74,62.73
297838,2018-06-29 11:19:59.437500,49.71,62.73
297839,2018-06-29 11:19:59.468750,50.69,62.73
297840,2018-06-29 11:19:59.500000,50.08,62.73
297841,2018-06-29 11:19:59.531250,44.35,62.68
297842,2018-06-29 11:19:59.562500,33.28,62.68
297843,2018-06-29 11:19:59.593750,21.95,62.68
297844,2018-06-29 11:19:59.625000,13.81,62.68
297845,2018-06-29 11:19:59.656250,6.68,62.68
297846,2018-06-29 11:19:59.687500,-2.2,62.68
297847,2018-06-29 11:19:59.718750,-11.77,62.68
297848,2018-06-29 11:19:59.750000,-19.84,62.68
297849,2018-06-29 11:19:59.781250,-27.11,62.68
297850,2018-06-29 11:19:59.812500,-36.39,62.68
297851,2018-06-29 11:19:59.843750,-48.33,62.68
297852,2018-06-29 11:19:59.875000,-60.22,62.68
297853,2018-06-29 11:19:59.906250,-69.83,62.68
297854,2018-06-29 11:19:59.937500,-78.31,62.68
297855,2018-06-29 11:19:59.968750,-89.54,62.68
297856,2018-06-29 11:20:00.000000,-105.72,62.68
297857,2018-06-29 11:20:00.031250,-119.57,62.68
297858,2018-06-29 11:20:00.062500,-113.9,62.68
297859,2018-06-29 11:20:00.093750,-79.07,62.68
297860,2018-06-29 11:20:00.125000,-28.3,62.68
297861,2018-06-29 11:20:00.156250,15.17,62.68
297862,2018-06-29 11:20:00.187500,41.21,62.68
297863,2018-06-29 11:20:00.218750,53.87,62.68
297864,2018-06-29 11:20:00.250000,58.09,62.68
297865,2018-06-29 11:20:00.281250,56.73,62.68
297866,2018-06-29 11:20:00.312500,54.55,62.68
297867,2018-06-29 11:20:00.343750,55.48,62.68
297868,2018-06-29 11:20:00.375000,58.26,62.68
297869,2018-06-29 11:20:00.406250,59.87,62.68
297870,2018-06-29 11:20:00.437500,60.56,62.68
297871,2018-06-29 11:20:00.468750,61.49,62.68
297872,2018-06-29 11:20:00.500000,60.71,62.68
297873,2018-06-29 11:20:00.531250,55.17,62.63
297874,2018-06-29 11:20:00.562500,45.25,62.63
297875,2018-06-29 11:20:00.593750,34.61,62.63
297876,2018-06-29 11:20:00.625000,26.19,62.63
297877,2018-06-29 11:20:00.656250,19.25,62.63
297878,2018-06-29 11:20:00.687500,10.81,62.63
297879,2018-06-29 11:20:00.718750,0.23,62.63
297880,2018-06-29 11:20:00.750000,-9.43,62.63
297881,2018-06-29 11:20:00.781250,-16.02,62.63
297882,2018-06-29 11:20:00.812500,-22.3,62.63
297883,2018-06-29 11:20:00.843750,-32.54,62.63
297884,2018-06-29 11:20:00.875000,-46.48,62.63
297885,2018-06-29 11:20:00.906250,-59.81,62.63
297886,2018-06-29 11:20:00.937500,-70.21,62.63
297887,2018-06-29 11:20:00.968750,-79.87,62.63
297888,2018-06-29 11:20:01.000000,-92.69,62.63
297889,2018-06-29 11:20:01.031250,-109.19,62.63
297890,2018-06-29 11:20:01.062500,-120.31,62.63
297891,2018-06-29 11:20:01.093750,-109.55,62.63
297892,2018-06-29 11:20:01.125000,-70.52,62.63
297893,2018-06-29 11:20:01.156250,-18.92,62.63
297894,2018-06-29 11:20:01.187500,22.82,62.63
297895,2018-06-29 11:20:01.218750,46.68,62.63
297896,2018-06-29 11:20:01.250000,57.28,62.63
297897,2018-06-29 11:20:01.281250,59.56,62.63
297898,2018-06-29 11:20:01.312500,57.08,62.63
297899,2018-06-29 11:20:01.343750,54.75,62.63
297900,2018-06-29 11:20:01.375000,55.67,62.63
297901,2018-06-29 11:20:01.406250,58.48,62.63
297902,2018-06-29 11:20:01.437500,60.57,62.63
297903,2018-06-29 11:20:01.468750,61.56,62.63
297904,2018-06-29 11:20:01.500000,62.0,62.63
297905,2018-06-29 11:20:01.531250,60.4,62.57
297906,2018-06-29 11:20:01.562500,54.27,62.57
297907,2018-06-29 11:20:01.593750,44.19,62.57
297908,2018-06-29 11:20:01.625000,34.02,62.57
297909,2018-06-29 11:20:01.656250,26.09,62.57
297910,2018-06-29 11:20:01.687500,18.98,62.57
297911,2018-06-29 11:20:01.718750,10.62,62.57
297912,2018-06-29 11:20:01.750000,1.17,62.57
297913,2018-06-29 11:20:01.781250,-7.59,62.57
297914,2018-06-29 11:20:01.812500,-15.12,62.57
297915,2018-06-29 11:20:01.843750,-23.73,62.57
297916,2018-06-29 11:20:01.875000,-35.74,62.57
297917,2018-06-29 11:20:01.906250,-49.31,62.57
297918,2018-06-29 11:20:01.937500,-60.38,62.57
297919,2018-06-29 11:20:01.968750,-68.33,62.57
297920,2018-06-29 11:20:02.000000,-76.84,62.57
297921,2018-06-29 11:20:02.031250,-89.91,62.57
297922,2018-06-29 11:20:02.062500,-106.57,62.57
297923,2018-06-29 11:20:02.093750,-115.95,62.57
297924,2018-06-29 11:20:02.125000,-102.12,62.57
297925,2018-06-29 11:20:02.156250,-62.12,62.57
297926,2018-06-29 11:20:02.187500,-12.86,62.57
297927,2018-06-29 11:20:02.218750,26.35,62.57
297928,2018-06-29 11:20:02.250000,50.02,62.57
297929,2018-06-29 11:20:02.281250,61.64,62.57
297930,2018-06-29 11:20:02.312500,64.31,62.57
297931,2018-06-29 11:20:02.343750,61.8,62.57
297932,2018-06-29 11:20:02.375000,60.07,62.57
297933,2018-06-29 11:20:02.406250,62.0,62.57
297934,2018-06-29 11:20:02.437500,65.12,62.57
297935,2018-06-29 11:20:02.468750,66.52,62.57
297936,2018-06-29 11:20:02.500000,66.25,62.57
297937,2018-06-29 11:20:02.531250,64.04,62.5
297938,2018-06-29 11:20:02.562500,57.75,62.5
297939,2018-06-29 11:20:02.593750,47.18,62.5
297940,2018-06-29 11:20:02.625000,35.69,62.5
297941,2018-06-29 11:20:02.656250,25.9,62.5
297942,2018-06-29 11:20:02.687500,16.57,62.5
297943,2018-06-29 11:20:02.718750,5.95,62.5
297944,2018-06-29 11:20:02.750000,-4.28,62.5
297945,2018-06-29 11:20:02.781250,-12.04,62.5
297946,2018-06-29 11:20:02.812500,-19.28,62.5
297947,2018-06-29 11:20:02.843750,-29.24,62.5
297948,2018-06-29 11:20:02.875000,-40.98,62.5
297949,2018-06-29 11:20:02.906250,-51.12,62.5
297950,2018-06-29 11:20:02.937500,-59.44,62.5
297951,2018-06-29 11:20:02.968750,-69.52,62.5
297952,2018-06-29 11:20:03.000000,-83.93,62.5
297953,2018-06-29 11:20:03.031250,-98.25,62.5
297954,2018-06-29 11:20:03.062500,-99.29,62.5
297955,2018-06-29 11:20:03.093750,-75.41,62.5
297956,2018-06-29 11:20:03.125000,-31.81,62.5
297957,2018-06-29 11:20:03.156250,11.76,62.5
297958,2018-06-29 11:20:03.187500,40.2,62.5
297959,2018-06-29 11:20:03.218750,52.84,62.5
297960,2018-06-29 11:20:03.250000,55.13,62.5
297961,2018-06-29 11:20:03.281250,51.01,62.5
297962,2018-06-29 11:20:03.312500,44.72,62.5
297963,2018-06-29 11:20:03.343750,41.53,62.5
297964,2018-06-29 11:20:03.375000,43.46,62.5
297965,2018-06-29 11:20:03.406250,47.74,62.5
297966,2018-06-29 11:20:03.437500,50.68,62.5
297967,2018-06-29 11:20:03.468750,50.67,62.5
297968,2018-06-29 11:20:03.500000,46.95,62.5
297969,2018-06-29 11:20:03.531250,39.04,62.45
297970,2018-06-29 11:20:03.562500,27.92,62.45
297971,2018-06-29 11:20:03.593750,15.67,62.45
297972,2018-06-29 11:20:03.625000,3.94,62.45
297973,2018-06-29 11:20:03.656250,-6.52,62.45
297974,2018-06-29 11:20:03.687500,-15.7,62.45
297975,2018-06-29 11:20:03.718750,-24.63,62.45
297976,2018-06-29 11:20:03.750000,-34.95,62.45
297977,2018-06-29 11:20:03.781250,-47.11,62.45
297978,2018-06-29 11:20:03.812500,-59.48,62.45
297979,2018-06-29 11:20:03.843750,-69.82,62.45
297980,2018-06-29 11:20:03.875000,-78.46,62.45
297981,2018-06-29 11:20:03.906250,-89.86,62.45
297982,2018-06-29 11:20:03.937500,-107.17,62.45
297983,2018-06-29 11:20:03.968750,-121.59,62.45
297984,2018-06-29 11:20:04.000000,-114.13,62.45
297985,2018-06-29 11:20:04.031250,-76.33,62.45
297986,2018-06-29 11:20:04.062500,-23.3,62.45
297987,2018-06-29 11:20:04.093750,21.83,62.45
297988,2018-06-29 11:20:04.125000,49.23,62.45
297989,2018-06-29 11:20:04.156250,62.4,62.45
297990,2018-06-29 11:20:04.187500,66.81,62.45
297991,2018-06-29 11:20:04.218750,66.52,62.45
297992,2018-06-29 11:20:04.250000,65.73,62.45
297993,2018-06-29 11:20:04.281250,66.65,62.45
297994,2018-06-29 11:20:04.312500,67.69,62.45
297995,2018-06-29 11:20:04.343750,67.27,62.45
297996,2018-06-29 11:20:04.375000,66.71,62.45
297997,2018-06-29 11:20:04.406250,66.76,62.45
297998,2018-06-29 11:20:04.437500,64.48,62.45
297999,2018-06-29 11:20:04.468750,56.62,62.45
298000,2018-06-29 11:20:04.500000,44.67,62.45
298001,2018-06-29 11:20:04.531250,33.51,62.4
298002,2018-06-29 11:20:04.562500,25.33,62.4
298003,2018-06-29 11:20:04.593750,17.47,62.4
298004,2018-06-29 11:20:04.625000,7.32,62.4
298005,2018-06-29 11:20:04.656250,-3.84,62.4
298006,2018-06-29 11:20:04.687500,-13.38,62.4
298007,2018-06-29 11:20:04.718750,-21.87,62.4
298008,2018-06-29 11:20:04.750000,-32.68,62.4
298009,2018-06-29 11:20:04.781250,-46.82,62.4
298010,2018-06-29 11:20:04.812500,-60.84,62.4
298011,2018-06-29 11:20:04.843750,-71.63,62.4
298012,2018-06-29 11:20:04.875000,-81.2,62.4
298013,2018-06-29 11:20:04.906250,-94.85,62.4
298014,2018-06-29 11:20:04.937500,-113.51,62.4
298015,2018-06-29 11:20:04.968750,-125.57,62.4
298016,2018-06-29 11:20:05.000000,-112.32,62.4
298017,2018-06-29 11:20:05.031250,-69.35,62.4
298018,2018-06-29 11:20:05.062500,-15.3,62.4
298019,2018-06-29 11:20:05.093750,27.44,62.4
298020,2018-06-29 11:20:05.125000,51.93,62.4
298021,2018-06-29 11:20:05.156250,63.02,62.4
298022,2018-06-29 11:20:05.187500,65.9,62.4
298023,2018-06-29 11:20:05.218750,64.19,62.4
298024,2018-06-29 11:20:05.250000,62.39,62.4
298025,2018-06-29 11:20:05.281250,63.98,62.4
298026,2018-06-29 11:20:05.312500,67.8,62.4
298027,2018-06-29 11:20:05.343750,70.28,62.4
298028,2018-06-29 11:20:05.375000,70.5,62.4
298029,2018-06-29 11:20:05.406250,69.3,62.4
298030,2018-06-29 11:20:05.437500,65.39,62.4
298031,2018-06-29 11:20:05.468750,57.28,62.4
298032,2018-06-29 11:20:05.500000,46.67,62.4
298033,2018-06-29 11:20:05.531250,36.98,62.35
298034,2018-06-29 11:20:05.562500,29.38,62.35
298035,2018-06-29 11:20:05.593750,22.25,62.35
298036,2018-06-29 11:20:05.625000,13.71,62.35
298037,2018-06-29 11:20:05.656250,3.71,62.35
298038,2018-06-29 11:20:05.687500,-6.12,62.35
298039,2018-06-29 11:20:05.718750,-14.61,62.35
298040,2018-06-29 11:20:05.750000,-22.93,62.35
298041,2018-06-29 11:20:05.781250,-33.7,62.35
298042,2018-06-29 11:20:05.812500,-47.33,62.35
298043,2018-06-29 11:20:05.843750,-60.46,62.35
298044,2018-06-29 11:20:05.875000,-70.41,62.35
298045,2018-06-29 11:20:05.906250,-79.38,62.35
298046,2018-06-29 11:20:05.937500,-92.17,62.35
298047,2018-06-29 11:20:05.968750,-109.45,62.35
298048,2018-06-29 11:20:06.000000,-121.41,62.35
298049,2018-06-29 11:20:06.031250,-111.04,62.35
298050,2018-06-29 11:20:06.062500,-71.71,62.35
298051,2018-06-29 11:20:06.093750,-18.61,62.35
298052,2018-06-29 11:20:06.125000,25.68,62.35
298053,2018-06-29 11:20:06.156250,51.73,62.35
298054,2018-06-29 11:20:06.187500,63.2,62.35
298055,2018-06-29 11:20:06.218750,65.55,62.35
298056,2018-06-29 11:20:06.250000,63.17,62.35
298057,2018-06-29 11:20:06.281250,60.8,62.35
298058,2018-06-29 11:20:06.312500,61.14,62.35
298059,2018-06-29 11:20:06.343750,63.08,62.35
298060,2018-06-29 11:20:06.375000,64.65,62.35
298061,2018-06-29 11:20:06.406250,65.52,62.35
298062,2018-06-29 11:20:06.437500,65.23,62.35
298063,2018-06-29 11:20:06.468750,61.81,62.35
298064,2018-06-29 11:20:06.500000,54.25,62.35
298065,2018-06-29 11:20:06.531250,44.34,62.32
298066,2018-06-29 11:20:06.562500,34.84,62.32
298067,2018-06-29 11:20:06.593750,26.95,62.32
298068,2018-06-29 11:20:06.625000,20.06,62.32
298069,2018-06-29 11:20:06.656250,12.52,62.32
298070,2018-06-29 11:20:06.687500,3.36,62.32
298071,2018-06-29 11:20:06.718750,-6.01,62.32
298072,2018-06-29 11:20:06.750000,-13.63,62.32
298073,2018-06-29 11:20:06.781250,-20.72,62.32
298074,2018-06-29 11:20:06.812500,-30.78,62.32
298075,2018-06-29 11:20:06.843750,-44.06,62.32
298076,2018-06-29 11:20:06.875000,-56.89,62.32
298077,2018-06-29 11:20:06.906250,-66.81,62.32
298078,2018-06-29 11:20:06.937500,-75.29,62.32
298079,2018-06-29 11:20:06.968750,-85.84,62.32
298080,2018-06-29 11:20:07.000000,-100.35,62.32
298081,2018-06-29 11:20:07.031250,-113.2,62.32
298082,2018-06-29 11:20:07.062500,-109.58,62.32
298083,2018-06-29 11:20:07.093750,-79.51,62.32
298084,2018-06-29 11:20:07.125000,-32.71,62.32
298085,2018-06-29 11:20:07.156250,9.75,62.32
298086,2018-06-29 11:20:07.187500,36.21,62.32
298087,2018-06-29 11:20:07.218750,48.51,62.32
298088,2018-06-29 11:20:07.250000,51.31,62.32
298089,2018-06-29 11:20:07.281250,47.95,62.32
298090,2018-06-29 11:20:07.312500,43.97,62.32
298091,2018-06-29 11:20:07.343750,44.82,62.32
298092,2018-06-29 11:20:07.375000,49.92,62.32
298093,2018-06-29 11:20:07.406250,54.35,62.32
298094,2018-06-29 11:20:07.437500,55.7,62.32
298095,2018-06-29 11:20:07.468750,54.77,62.32
298096,2018-06-29 11:20:07.500000,51.44,62.32
298097,2018-06-29 11:20:07.531250,44.77,62.28
298098,2018-06-29 11:20:07.562500,35.52,62.28
298099,2018-06-29 11:20:07.593750,25.23,62.28
298100,2018-06-29 11:20:07.625000,14.24,62.28
298101,2018-06-29 11:20:07.656250,2.93,62.28
298102,2018-06-29 11:20:07.687500,-6.95,62.28
298103,2018-06-29 11:20:07.718750,-15.05,62.28
298104,2018-06-29 11:20:07.750000,-24.22,62.28
298105,2018-06-29 11:20:07.781250,-36.43,62.28
298106,2018-06-29 11:20:07.812500,-49.07,62.28
298107,2018-06-29 11:20:07.843750,-58.59,62.28
298108,2018-06-29 11:20:07.875000,-66.03,62.28
298109,2018-06-29 11:20:07.906250,-77.0,62.28
298110,2018-06-29 11:20:07.937500,-93.77,62.28
298111,2018-06-29 11:20:07.968750,-105.65,62.28
298112,2018-06-29 11:20:08.000000,-94.71,62.28
298113,2018-06-29 11:20:08.031250,-56.82,62.28
298114,2018-06-29 11:20:08.062500,-8.86,62.28
298115,2018-06-29 11:20:08.093750,29.41,62.28
298116,2018-06-29 11:20:08.125000,51.27,62.28
298117,2018-06-29 11:20:08.156250,59.77,62.28
298118,2018-06-29 11:20:08.187500,59.49,62.28
298119,2018-06-29 11:20:08.218750,54.99,62.28
298120,2018-06-29 11:20:08.250000,51.16,62.28
298121,2018-06-29 11:20:08.281250,50.82,62.28
298122,2018-06-29 11:20:08.312500,52.61,62.28
298123,2018-06-29 11:20:08.343750,53.49,62.28
298124,2018-06-29 11:20:08.375000,53.03,62.28
298125,2018-06-29 11:20:08.406250,51.96,62.28
298126,2018-06-29 11:20:08.437500,48.5,62.28
298127,2018-06-29 11:20:08.468750,40.33,62.28
298128,2018-06-29 11:20:08.500000,28.21,62.28
298129,2018-06-29 11:20:08.531250,15.09,62.25
298130,2018-06-29 11:20:08.562500,2.98,62.25
298131,2018-06-29 11:20:08.593750,-7.97,62.25
298132,2018-06-29 11:20:08.625000,-19.02,62.25
298133,2018-06-29 11:20:08.656250,-31.83,62.25
298134,2018-06-29 11:20:08.687500,-45.99,62.25
298135,2018-06-29 11:20:08.718750,-58.47,62.25
298136,2018-06-29 11:20:08.750000,-67.93,62.25
298137,2018-06-29 11:20:08.781250,-77.76,62.25
298138,2018-06-29 11:20:08.812500,-92.6,62.25
298139,2018-06-29 11:20:08.843750,-111.23,62.25
298140,2018-06-29 11:20:08.875000,-121.3,62.25
298141,2018-06-29 11:20:08.906250,-106.44,62.25
298142,2018-06-29 11:20:08.937500,-64.83,62.25
298143,2018-06-29 11:20:08.968750,-14.49,62.25
298144,2018-06-29 11:20:09.000000,25.46,62.25
298145,2018-06-29 11:20:09.031250,49.95,62.25
298146,2018-06-29 11:20:09.062500,62.31,62.25
298147,2018-06-29 11:20:09.093750,66.02,62.25
298148,2018-06-29 11:20:09.125000,65.17,62.25
298149,2018-06-29 11:20:09.156250,64.22,62.25
298150,2018-06-29 11:20:09.187500,65.05,62.25
298151,2018-06-29 11:20:09.218750,66.6,62.25
298152,2018-06-29 11:20:09.250000,67.56,62.25
298153,2018-06-29 11:20:09.281250,67.51,62.25
298154,2018-06-29 11:20:09.312500,65.85,62.25
298155,2018-06-29 11:20:09.343750,60.98,62.25
298156,2018-06-29 11:20:09.375000,51.96,62.25
298157,2018-06-29 11:20:09.406250,40.35,62.25
298158,2018-06-29 11:20:09.437500,29.39,62.25
298159,2018-06-29 11:20:09.468750,20.72,62.25
298160,2018-06-29 11:20:09.500000,12.49,62.25
298161,2018-06-29 11:20:09.531250,2.5,62.23
298162,2018-06-29 11:20:09.562500,-7.88,62.23
298163,2018-06-29 11:20:09.593750,-16.46,62.23
298164,2018-06-29 11:20:09.625000,-25.04,62.23
298165,2018-06-29 11:20:09.656250,-36.84,62.23
298166,2018-06-29 11:20:09.687500,-50.97,62.23
298167,2018-06-29 11:20:09.718750,-63.68,62.23
298168,2018-06-29 11:20:09.750000,-73.41,62.23
298169,2018-06-29 11:20:09.781250,-82.62,62.23
298170,2018-06-29 11:20:09.812500,-95.96,62.23
298171,2018-06-29 11:20:09.843750,-114.21,62.23
298172,2018-06-29 11:20:09.875000,-126.29,62.23
298173,2018-06-29 11:20:09.906250,-114.06,62.23
298174,2018-06-29 11:20:09.937500,-72.48,62.23
298175,2018-06-29 11:20:09.968750,-18.57,62.23
298176,2018-06-29 11:20:10.000000,26.07,62.23
298177,2018-06-29 11:20:10.031250,53.71,62.23
298178,2018-06-29 11:20:10.062500,68.0,62.23
298179,2018-06-29 11:20:10.093750,73.47,62.23
298180,2018-06-29 11:20:10.125000,73.53,62.23
298181,2018-06-29 11:20:10.156250,72.12,62.23
298182,2018-06-29 11:20:10.187500,72.32,62.23
298183,2018-06-29 11:20:10.218750,74.55,62.23
298184,2018-06-29 11:20:10.250000,77.42,62.23
298185,2018-06-29 11:20:10.281250,79.29,62.23
298186,2018-06-29 11:20:10.312500,78.53,62.23
298187,2018-06-29 11:20:10.343750,73.51,62.23
298188,2018-06-29 11:20:10.375000,64.06,62.23
298189,2018-06-29 11:20:10.406250,52.39,62.23
298190,2018-06-29 11:20:10.437500,41.37,62.23
298191,2018-06-29 11:20:10.468750,32.33,62.23
298192,2018-06-29 11:20:10.500000,24.74,62.23
298193,2018-06-29 11:20:10.531250,17.24,62.22
298194,2018-06-29 11:20:10.562500,9.06,62.22
298195,2018-06-29 11:20:10.593750,0.17,62.22
298196,2018-06-29 11:20:10.625000,-8.73,62.22
298197,2018-06-29 11:20:10.656250,-16.43,62.22
298198,2018-06-29 11:20:10.687500,-23.34,62.22
298199,2018-06-29 11:20:10.718750,-32.51,62.22
298200,2018-06-29 11:20:10.750000,-45.46,62.22
298201,2018-06-29 11:20:10.781250,-58.72,62.22
298202,2018-06-29 11:20:10.812500,-68.08,62.22
298203,2018-06-29 11:20:10.843750,-74.47,62.22
298204,2018-06-29 11:20:10.875000,-83.2,62.22
298205,2018-06-29 11:20:10.906250,-97.72,62.22
298206,2018-06-29 11:20:10.937500,-111.97,62.22
298207,2018-06-29 11:20:10.968750,-109.62,62.22
298208,2018-06-29 11:20:11.000000,-79.68,62.22
298209,2018-06-29 11:20:11.031250,-31.73,62.22
298210,2018-06-29 11:20:11.062500,12.75,62.22
298211,2018-06-29 11:20:11.093750,40.99,62.22
298212,2018-06-29 11:20:11.125000,53.67,62.22
298213,2018-06-29 11:20:11.156250,55.8,62.22
298214,2018-06-29 11:20:11.187500,52.21,62.22
298215,2018-06-29 11:20:11.218750,48.61,62.22
298216,2018-06-29 11:20:11.250000,49.25,62.22
298217,2018-06-29 11:20:11.281250,53.01,62.22
298218,2018-06-29 11:20:11.312500,55.98,62.22
298219,2018-06-29 11:20:11.343750,57.3,62.22
298220,2018-06-29 11:20:11.375000,58.18,62.22
298221,2018-06-29 11:20:11.406250,56.83,62.22
298222,2018-06-29 11:20:11.437500,50.3,62.22
298223,2018-06-29 11:20:11.468750,40.05,62.22
298224,2018-06-29 11:20:11.500000,30.5,62.22
298225,2018-06-29 11:20:11.531250,23.02,62.22
298226,2018-06-29 11:20:11.562500,15.1,62.22
298227,2018-06-29 11:20:11.593750,4.79,62.22
298228,2018-06-29 11:20:11.625000,-6.18,62.22
298229,2018-06-29 11:20:11.656250,-14.99,62.22
298230,2018-06-29 11:20:11.687500,-22.19,62.22
298231,2018-06-29 11:20:11.718750,-31.33,62.22
298232,2018-06-29 11:20:11.750000,-43.97,62.22
298233,2018-06-29 11:20:11.781250,-57.49,62.22
298234,2018-06-29 11:20:11.812500,-68.36,62.22
298235,2018-06-29 11:20:11.843750,-76.73,62.22
298236,2018-06-29 11:20:11.875000,-86.74,62.22
298237,2018-06-29 11:20:11.906250,-101.85,62.22
298238,2018-06-29 11:20:11.937500,-117.04,62.22
298239,2018-06-29 11:20:11.968750,-116.82,62.22
298240,2018-06-29 11:20:12.000000,-88.96,62.22
298241,2018-06-29 11:20:12.031250,-40.84,62.22
298242,2018-06-29 11:20:12.062500,5.8,62.22
298243,2018-06-29 11:20:12.093750,36.28,62.22
298244,2018-06-29 11:20:12.125000,51.06,62.22
298245,2018-06-29 11:20:12.156250,55.89,62.22
298246,2018-06-29 11:20:12.187500,54.73,62.22
298247,2018-06-29 11:20:12.218750,51.68,62.22
298248,2018-06-29 11:20:12.250000,51.02,62.22
298249,2018-06-29 11:20:12.281250,53.21,62.22
298250,2018-06-29 11:20:12.312500,55.6,62.22
298251,2018-06-29 11:20:12.343750,57.19,62.22
298252,2018-06-29 11:20:12.375000,58.35,62.22
298253,2018-06-29 11:20:12.406250,56.88,62.22
298254,2018-06-29 11:20:12.437500,49.88,62.22
298255,2018-06-29 11:20:12.468750,39.11,62.22
298256,2018-06-29 11:20:12.500000,29.21,62.22
298257,2018-06-29 11:20:12.531250,21.37,62.2
298258,2018-06-29 11:20:12.562500,13.14,62.2
298259,2018-06-29 11:20:12.593750,3.31,62.2
298260,2018-06-29 11:20:12.625000,-6.36,62.2
298261,2018-06-29 11:20:12.656250,-14.29,62.2
298262,2018-06-29 11:20:12.687500,-21.87,62.2
298263,2018-06-29 11:20:12.718750,-32.13,62.2
298264,2018-06-29 11:20:12.750000,-45.28,62.2
298265,2018-06-29 11:20:12.781250,-57.91,62.2
298266,2018-06-29 11:20:12.812500,-67.76,62.2
298267,2018-06-29 11:20:12.843750,-77.37,62.2
298268,2018-06-29 11:20:12.875000,-91.18,62.2
298269,2018-06-29 11:20:12.906250,-107.24,62.2
298270,2018-06-29 11:20:12.937500,-112.09,62.2
298271,2018-06-29 11:20:12.968750,-91.07,62.2
298272,2018-06-29 11:20:13.000000,-46.81,62.2
298273,2018-06-29 11:20:13.031250,0.71,62.2
298274,2018-06-29 11:20:13.062500,34.27,62.2
298275,2018-06-29 11:20:13.093750,51.26,62.2
298276,2018-06-29 11:20:13.125000,56.79,62.2
298277,2018-06-29 11:20:13.156250,56.1,62.2
298278,2018-06-29 11:20:13.187500,53.54,62.2
298279,2018-06-29 11:20:13.218750,52.29,62.2
298280,2018-06-29 11:20:13.250000,53.19,62.2
298281,2018-06-29 11:20:13.281250,55.14,62.2
298282,2018-06-29 11:20:13.312500,56.76,62.2
298283,2018-06-29 11:20:13.343750,57.43,62.2
298284,2018-06-29 11:20:13.375000,56.23,62.2
298285,2018-06-29 11:20:13.406250,50.97,62.2
298286,2018-06-29 11:20:13.437500,41.12,62.2
298287,2018-06-29 11:20:13.468750,30.35,62.2
298288,2018-06-29 11:20:13.500000,22.48,62.2
298289,2018-06-29 11:20:13.531250,16.23,62.18
298290,2018-06-29 11:20:13.562500,7.98,62.18
298291,2018-06-29 11:20:13.593750,-2.18,62.18
298292,2018-06-29 11:20:13.625000,-11.03,62.18
298293,2018-06-29 11:20:13.656250,-18.07,62.18
298294,2018-06-29 11:20:13.687500,-26.56,62.18
298295,2018-06-29 11:20:13.718750,-37.94,62.18
298296,2018-06-29 11:20:13.750000,-48.97,62.18
298297,2018-06-29 11:20:13.781250,-56.73,62.18
298298,2018-06-29 11:20:13.812500,-63.37,62.18
298299,2018-06-29 11:20:13.843750,-73.9,62.18
298300,2018-06-29 11:20:13.875000,-88.58,62.18
298301,2018-06-29 11:20:13.906250,-97.09,62.18
298302,2018-06-29 11:20:13.937500,-84.37,62.18
298303,2018-06-29 11:20:13.968750,-47.86,62.18
298304,2018-06-29 11:20:14.000000,-3.55,62.18
298305,2018-06-29 11:20:14.031250,30.01,62.18
298306,2018-06-29 11:20:14.062500,47.03,62.18
298307,2018-06-29 11:20:14.093750,51.2,62.18
298308,2018-06-29 11:20:14.125000,47.21,62.18
298309,2018-06-29 11:20:14.156250,40.01,62.18
298310,2018-06-29 11:20:14.187500,35.72,62.18
298311,2018-06-29 11:20:14.218750,37.41,62.18
298312,2018-06-29 11:20:14.250000,42.09,62.18
298313,2018-06-29 11:20:14.281250,44.92,62.18
298314,2018-06-29 11:20:14.312500,44.48,62.18
298315,2018-06-29 11:20:14.343750,41.77,62.18
298316,2018-06-29 11:20:14.375000,36.25,62.18
298317,2018-06-29 11:20:14.406250,26.77,62.18
298318,2018-06-29 11:20:14.437500,15.28,62.18
298319,2018-06-29 11:20:14.468750,6.22,62.18
298320,2018-06-29 11:20:14.500000,1.12,62.18
298321,2018-06-29 11:20:14.531250,-3.85,62.18
298322,2018-06-29 11:20:14.562500,-12.95,62.18
298323,2018-06-29 11:20:14.593750,-25.23,62.18
298324,2018-06-29 11:20:14.625000,-36.55,62.18
298325,2018-06-29 11:20:14.656250,-45.9,62.18
298326,2018-06-29 11:20:14.687500,-56.68,62.18
298327,2018-06-29 11:20:14.718750,-72.48,62.18
298328,2018-06-29 11:20:14.750000,-91.31,62.18
298329,2018-06-29 11:20:14.781250,-101.25,62.18
298330,2018-06-29 11:20:14.812500,-86.94,62.18
298331,2018-06-29 11:20:14.843750,-47.06,62.18
298332,2018-06-29 11:20:14.875000,0.41,62.18
298333,2018-06-29 11:20:14.906250,36.69,62.18
298334,2018-06-29 11:20:14.937500,58.01,62.18
298335,2018-06-29 11:20:14.968750,69.06,62.18
298336,2018-06-29 11:20:15.000000,72.32,62.18
298337,2018-06-29 11:20:15.031250,69.69,62.18
298338,2018-06-29 11:20:15.062500,65.84,62.18
298339,2018-06-29 11:20:15.093750,64.32,62.18
298340,2018-06-29 11:20:15.125000,64.68,62.18
298341,2018-06-29 11:20:15.156250,64.9,62.18
298342,2018-06-29 11:20:15.187500,63.73,62.18
298343,2018-06-29 11:20:15.218750,60.34,62.18
298344,2018-06-29 11:20:15.250000,53.36,62.18
298345,2018-06-29 11:20:15.281250,41.44,62.18
298346,2018-06-29 11:20:15.312500,25.59,62.18
298347,2018-06-29 11:20:15.343750,9.95,62.18
298348,2018-06-29 11:20:15.375000,-2.29,62.18
298349,2018-06-29 11:20:15.406250,-12.7,62.18
298350,2018-06-29 11:20:15.437500,-24.96,62.18
298351,2018-06-29 11:20:15.468750,-39.65,62.18
298352,2018-06-29 11:20:15.500000,-54.04,62.18
298353,2018-06-29 11:20:15.531250,-66.07,62.18
298354,2018-06-29 11:20:15.562500,-76.89,62.18
298355,2018-06-29 11:20:15.593750,-90.14,62.18
298356,2018-06-29 11:20:15.625000,-108.34,62.18
298357,2018-06-29 11:20:15.656250,-125.25,62.18
298358,2018-06-29 11:20:15.687500,-124.14,62.18
298359,2018-06-29 11:20:15.718750,-93.52,62.18
298360,2018-06-29 11:20:15.750000,-43.45,62.18
298361,2018-06-29 11:20:15.781250,3.5,62.18
298362,2018-06-29 11:20:15.812500,34.48,62.18
298363,2018-06-29 11:20:15.843750,51.36,62.18
298364,2018-06-29 11:20:15.875000,59.7,62.18
298365,2018-06-29 11:20:15.906250,62.57,62.18
298366,2018-06-29 11:20:15.937500,62.27,62.18
298367,2018-06-29 11:20:15.968750,61.42,62.18
298368,2018-06-29 11:20:16.000000,61.32,62.18
298369,2018-06-29 11:20:16.031250,61.5,62.18
298370,2018-06-29 11:20:16.062500,61.64,62.18
298371,2018-06-29 11:20:16.093750,61.82,62.18
298372,2018-06-29 11:20:16.125000,60.57,62.18
298373,2018-06-29 11:20:16.156250,54.91,62.18
298374,2018-06-29 11:20:16.187500,44.36,62.18
298375,2018-06-29 11:20:16.218750,32.72,62.18
298376,2018-06-29 11:20:16.250000,23.61,62.18
298377,2018-06-29 11:20:16.281250,15.93,62.18
298378,2018-06-29 11:20:16.312500,6.32,62.18
298379,2018-06-29 11:20:16.343750,-5.25,62.18
298380,2018-06-29 11:20:16.375000,-15.43,62.18
298381,2018-06-29 11:20:16.406250,-22.86,62.18
298382,2018-06-29 11:20:16.437500,-30.64,62.18
298383,2018-06-29 11:20:16.468750,-42.24,62.18
298384,2018-06-29 11:20:16.500000,-56.58,62.18
298385,2018-06-29 11:20:16.531250,-69.17,62.18
298386,2018-06-29 11:20:16.562500,-77.97,62.18
298387,2018-06-29 11:20:16.593750,-86.51,62.18
298388,2018-06-29 11:20:16.625000,-100.51,62.18
298389,2018-06-29 11:20:16.656250,-119.3,62.18
298390,2018-06-29 11:20:16.687500,-129.13,62.18
298391,2018-06-29 11:20:16.718750,-111.92,62.18
298392,2018-06-29 11:20:16.750000,-66.49,62.18
298393,2018-06-29 11:20:16.781250,-13.4,62.18
298394,2018-06-29 11:20:16.812500,26.47,62.18
298395,2018-06-29 11:20:16.843750,48.96,62.18
298396,2018-06-29 11:20:16.875000,59.93,62.18
298397,2018-06-29 11:20:16.906250,64.13,62.18
298398,2018-06-29 11:20:16.937500,64.88,62.18
298399,2018-06-29 11:20:16.968750,65.61,62.18
298400,2018-06-29 11:20:17.000000,67.73,62.18
298401,2018-06-29 11:20:17.031250,70.25,62.18
298402,2018-06-29 11:20:17.062500,72.38,62.18
298403,2018-06-29 11:20:17.093750,74.36,62.18
298404,2018-06-29 11:20:17.125000,75.63,62.18
298405,2018-06-29 11:20:17.156250,74.08,62.18
298406,2018-06-29 11:20:17.187500,68.58,62.18
298407,2018-06-29 11:20:17.218750,60.6,62.18
298408,2018-06-29 11:20:17.250000,52.19,62.18
298409,2018-06-29 11:20:17.281250,43.8,62.18
298410,2018-06-29 11:20:17.312500,34.92,62.18
298411,2018-06-29 11:20:17.343750,25.31,62.18
298412,2018-06-29 11:20:17.375000,15.29,62.18
298413,2018-06-29 11:20:17.406250,6.05,62.18
298414,2018-06-29 11:20:17.437500,-1.32,62.18
298415,2018-06-29 11:20:17.468750,-8.33,62.18
298416,2018-06-29 11:20:17.500000,-18.13,62.18
298417,2018-06-29 11:20:17.531250,-31.03,62.18
298418,2018-06-29 11:20:17.562500,-43.84,62.18
298419,2018-06-29 11:20:17.593750,-54.23,62.18
298420,2018-06-29 11:20:17.625000,-63.22,62.18
298421,2018-06-29 11:20:17.656250,-74.06,62.18
298422,2018-06-29 11:20:17.687500,-88.99,62.18
298423,2018-06-29 11:20:17.718750,-101.99,62.18
298424,2018-06-29 11:20:17.750000,-97.43,62.18
298425,2018-06-29 11:20:17.781250,-66.43,62.18
298426,2018-06-29 11:20:17.812500,-21.5,62.18
298427,2018-06-29 11:20:17.843750,15.94,62.18
298428,2018-06-29 11:20:17.875000,36.68,62.18
298429,2018-06-29 11:20:17.906250,43.88,62.18
298430,2018-06-29 11:20:17.937500,41.95,62.18
298431,2018-06-29 11:20:17.968750,35.15,62.18
298432,2018-06-29 11:20:18.000000,30.06,62.18
298433,2018-06-29 11:20:18.031250,31.0,62.18
298434,2018-06-29 11:20:18.062500,35.42,62.18
298435,2018-06-29 11:20:18.093750,38.25,62.18
298436,2018-06-29 11:20:18.125000,38.34,62.18
298437,2018-06-29 11:20:18.156250,36.88,62.18
298438,2018-06-29 11:20:18.187500,33.05,62.18
298439,2018-06-29 11:20:18.218750,25.62,62.18
298440,2018-06-29 11:20:18.250000,15.88,62.18
298441,2018-06-29 11:20:18.281250,5.8,62.18
298442,2018-06-29 11:20:18.312500,-3.91,62.18
298443,2018-06-29 11:20:18.343750,-12.75,62.18
298444,2018-06-29 11:20:18.375000,-20.61,62.18
298445,2018-06-29 11:20:18.406250,-28.99,62.18
298446,2018-06-29 11:20:18.437500,-38.79,62.18
298447,2018-06-29 11:20:18.468750,-48.13,62.18
298448,2018-06-29 11:20:18.500000,-55.29,62.18
298449,2018-06-29 11:20:18.531250,-61.89,62.17
298450,2018-06-29 11:20:18.562500,-71.43,62.17
298451,2018-06-29 11:20:18.593750,-85.23,62.17
298452,2018-06-29 11:20:18.625000,-97.35,62.17
298453,2018-06-29 11:20:18.656250,-93.95,62.17
298454,2018-06-29 11:20:18.687500,-65.84,62.17
298455,2018-06-29 11:20:18.718750,-22.02,62.17
298456,2018-06-29 11:20:18.750000,17.79,62.17
298457,2018-06-29 11:20:18.781250,42.62,62.17
298458,2018-06-29 11:20:18.812500,54.05,62.17
298459,2018-06-29 11:20:18.843750,56.0,62.17
298460,2018-06-29 11:20:18.875000,51.22,62.17
298461,2018-06-29 11:20:18.906250,44.77,62.17
298462,2018-06-29 11:20:18.937500,42.1,62.17
298463,2018-06-29 11:20:18.968750,43.48,62.17
298464,2018-06-29 11:20:19.000000,45.43,62.17
298465,2018-06-29 11:20:19.031250,46.27,62.17
298466,2018-06-29 11:20:19.062500,46.03,62.17
298467,2018-06-29 11:20:19.093750,43.14,62.17
298468,2018-06-29 11:20:19.125000,35.19,62.17
298469,2018-06-29 11:20:19.156250,22.29,62.17
298470,2018-06-29 11:20:19.187500,7.86,62.17
298471,2018-06-29 11:20:19.218750,-3.62,62.17
298472,2018-06-29 11:20:19.250000,-11.22,62.17
298473,2018-06-29 11:20:19.281250,-19.24,62.17
298474,2018-06-29 11:20:19.312500,-31.55,62.17
298475,2018-06-29 11:20:19.343750,-45.94,62.17
298476,2018-06-29 11:20:19.375000,-57.59,62.17
298477,2018-06-29 11:20:19.406250,-65.61,62.17
298478,2018-06-29 11:20:19.437500,-73.95,62.17
298479,2018-06-29 11:20:19.468750,-87.17,62.17
298480,2018-06-29 11:20:19.500000,-103.57,62.17
298481,2018-06-29 11:20:19.531250,-109.73,62.13
298482,2018-06-29 11:20:19.562500,-89.76,62.13
298483,2018-06-29 11:20:19.593750,-44.18,62.13
298484,2018-06-29 11:20:19.625000,7.92,62.13
298485,2018-06-29 11:20:19.656250,47.99,62.13
298486,2018-06-29 11:20:19.687500,71.24,62.13
298487,2018-06-29 11:20:19.718750,82.19,62.13
298488,2018-06-29 11:20:19.750000,86.87,62.13
298489,2018-06-29 11:20:19.781250,90.81,62.13
298490,2018-06-29 11:20:19.812500,97.78,62.13
298491,2018-06-29 11:20:19.843750,107.69,62.13
298492,2018-06-29 11:20:19.875000,118.26,62.13
298493,2018-06-29 11:20:19.906250,129.55,62.13
298494,2018-06-29 11:20:19.937500,142.95,62.13
298495,2018-06-29 11:20:19.968750,155.37,62.13
298496,2018-06-29 11:20:20.000000,160.44,62.13
298497,2018-06-29 11:20:20.031250,157.03,62.13
298498,2018-06-29 11:20:20.062500,151.85,62.13
298499,2018-06-29 11:20:20.093750,151.75,62.13
298500,2018-06-29 11:20:20.125000,156.72,62.13
298501,2018-06-29 11:20:20.156250,161.04,62.13
298502,2018-06-29 11:20:20.187500,155.83,62.13
298503,2018-06-29 11:20:20.218750,130.2,62.13
298504,2018-06-29 11:20:20.250000,78.5,62.13
298505,2018-06-29 11:20:20.281250,9.26,62.13
298506,2018-06-29 11:20:20.312500,-61.8,62.13
298507,2018-06-29 11:20:20.343750,-129.23,62.13
298508,2018-06-29 11:20:20.375000,-202.32,62.13
298509,2018-06-29 11:20:20.406250,-295.32,62.13
298510,2018-06-29 11:20:20.437500,-412.71,62.13
298511,2018-06-29 11:20:20.468750,-526.46,62.13
298512,2018-06-29 11:20:20.500000,-576.53,62.13
298513,2018-06-29 11:20:20.531250,-525.55,62.1
298514,2018-06-29 11:20:20.562500,-405.68,62.1
298515,2018-06-29 11:20:20.593750,-282.12,62.1
298516,2018-06-29 11:20:20.625000,-188.52,62.1
298517,2018-06-29 11:20:20.656250,-123.31,62.1
298518,2018-06-29 11:20:20.687500,-79.53,62.1
298519,2018-06-29 11:20:20.718750,-50.01,62.1
298520,2018-06-29 11:20:20.750000,-24.13,62.1
298521,2018-06-29 11:20:20.781250,2.17,62.1
298522,2018-06-29 11:20:20.812500,23.76,62.1
298523,2018-06-29 11:20:20.843750,38.45,62.1
298524,2018-06-29 11:20:20.875000,51.13,62.1
298525,2018-06-29 11:20:20.906250,64.31,62.1
298526,2018-06-29 11:20:20.937500,73.82,62.1
298527,2018-06-29 11:20:20.968750,74.29,62.1
298528,2018-06-29 11:20:21.000000,68.0,62.1
298529,2018-06-29 11:20:21.031250,60.66,62.1
298530,2018-06-29 11:20:21.062500,55.04,62.1
298531,2018-06-29 11:20:21.093750,50.09,62.1
298532,2018-06-29 11:20:21.125000,46.94,62.1
298533,2018-06-29 11:20:21.156250,47.48,62.1
298534,2018-06-29 11:20:21.187500,48.26,62.1
298535,2018-06-29 11:20:21.218750,45.69,62.1
298536,2018-06-29 11:20:21.250000,41.35,62.1
298537,2018-06-29 11:20:21.281250,45.95,62.1
298538,2018-06-29 11:20:21.312500,53.48,62.1
298539,2018-06-29 11:20:21.343750,47.97,62.1
298540,2018-06-29 11:20:21.375000,20.44,62.1
298541,2018-06-29 11:20:21.406250,-12.72,62.1
298542,2018-06-29 11:20:21.437500,-26.34,62.1
298543,2018-06-29 11:20:21.468750,-14.64,62.1
298544,2018-06-29 11:20:21.500000,25.03,62.1
298545,2018-06-29 11:20:21.531250,85.74,62.07
298546,2018-06-29 11:20:21.562500,169.93,62.07
298547,2018-06-29 11:20:21.593750,247.8,62.07
298548,2018-06-29 11:20:21.625000,297.4,62.07
298549,2018-06-29 11:20:21.656250,325.12,62.07
298550,2018-06-29 11:20:21.687500,364.19,62.07
298551,2018-06-29 11:20:21.718750,434.01,62.07
298552,2018-06-29 11:20:21.750000,505.69,62.07
298553,2018-06-29 11:20:21.781250,569.37,62.07
298554,2018-06-29 11:20:21.812500,480.45,62.07
298555,2018-06-29 11:20:21.843750,208.6,62.07
298556,2018-06-29 11:20:21.875000,-32.3,62.07
298557,2018-06-29 11:20:21.906250,-192.15,62.07
298558,2018-06-29 11:20:21.937500,-295.36,62.07
298559,2018-06-29 11:20:21.968750,-342.28,62.07
298560,2018-06-29 11:20:22.000000,-339.92,62.07
298561,2018-06-29 11:20:22.031250,-332.19,62.07
298562,2018-06-29 11:20:22.062500,-330.77,62.07
298563,2018-06-29 11:20:22.093750,-313.91,62.07
298564,2018-06-29 11:20:22.125000,-252.8,62.07
298565,2018-06-29 11:20:22.156250,-178.51,62.07
298566,2018-06-29 11:20:22.187500,-126.87,62.07
298567,2018-06-29 11:20:22.218750,-102.74,62.07
298568,2018-06-29 11:20:22.250000,-92.33,62.07
298569,2018-06-29 11:20:22.281250,-82.72,62.07
298570,2018-06-29 11:20:22.312500,-74.03,62.07
298571,2018-06-29 11:20:22.343750,-54.15,62.07
298572,2018-06-29 11:20:22.375000,-16.83,62.07
298573,2018-06-29 11:20:22.406250,33.34,62.07
298574,2018-06-29 11:20:22.437500,77.12,62.07
298575,2018-06-29 11:20:22.468750,98.9,62.07
298576,2018-06-29 11:20:22.500000,97.66,62.07
298577,2018-06-29 11:20:22.531250,83.06,62.05
298578,2018-06-29 11:20:22.562500,68.29,62.05
298579,2018-06-29 11:20:22.593750,60.33,62.05
298580,2018-06-29 11:20:22.625000,60.13,62.05
298581,2018-06-29 11:20:22.656250,62.81,62.05
298582,2018-06-29 11:20:22.687500,62.3,62.05
298583,2018-06-29 11:20:22.718750,57.11,62.05
298584,2018-06-29 11:20:22.750000,48.35,62.05
298585,2018-06-29 11:20:22.781250,36.37,62.05
298586,2018-06-29 11:20:22.812500,19.62,62.05
298587,2018-06-29 11:20:22.843750,-4.41,62.05
298588,2018-06-29 11:20:22.875000,-34.88,62.05
298589,2018-06-29 11:20:22.906250,-64.6,62.05
298590,2018-06-29 11:20:22.937500,-85.84,62.05
298591,2018-06-29 11:20:22.968750,-98.21,62.05
298592,2018-06-29 11:20:23.000000,-104.98,62.05
298593,2018-06-29 11:20:23.031250,-106.43,62.05
298594,2018-06-29 11:20:23.062500,-102.41,62.05
298595,2018-06-29 11:20:23.093750,-92.36,62.05
298596,2018-06-29 11:20:23.125000,-68.97,62.05
298597,2018-06-29 11:20:23.156250,-24.98,62.05
298598,2018-06-29 11:20:23.187500,30.7,62.05
298599,2018-06-29 11:20:23.218750,76.26,62.05
298600,2018-06-29 11:20:23.250000,96.51,62.05
298601,2018-06-29 11:20:23.281250,91.55,62.05
298602,2018-06-29 11:20:23.312500,72.15,62.05
298603,2018-06-29 11:20:23.343750,53.04,62.05
298604,2018-06-29 11:20:23.375000,45.74,62.05
298605,2018-06-29 11:20:23.406250,52.84,62.05
298606,2018-06-29 11:20:23.437500,67.75,62.05
298607,2018-06-29 11:20:23.468750,78.06,62.05
298608,2018-06-29 11:20:23.500000,72.54,62.05
298609,2018-06-29 11:20:23.531250,50.05,62.05
298610,2018-06-29 11:20:23.562500,19.29,62.05
298611,2018-06-29 11:20:23.593750,-11.34,62.05
298612,2018-06-29 11:20:23.625000,-39.53,62.05
298613,2018-06-29 11:20:23.656250,-65.69,62.05
298614,2018-06-29 11:20:23.687500,-89.6,62.05
298615,2018-06-29 11:20:23.718750,-111.54,62.05
298616,2018-06-29 11:20:23.750000,-132.37,62.05
298617,2018-06-29 11:20:23.781250,-150.3,62.05
298618,2018-06-29 11:20:23.812500,-158.42,62.05
298619,2018-06-29 11:20:23.843750,-144.64,62.05
298620,2018-06-29 11:20:23.875000,-95.72,62.05
298621,2018-06-29 11:20:23.906250,-9.83,62.05
298622,2018-06-29 11:20:23.937500,92.59,62.05
298623,2018-06-29 11:20:23.968750,178.81,62.05
298624,2018-06-29 11:20:24.000000,227.52,62.05
298625,2018-06-29 11:20:24.031250,238.31,62.05
298626,2018-06-29 11:20:24.062500,221.57,62.05
298627,2018-06-29 11:20:24.093750,187.22,62.05
298628,2018-06-29 11:20:24.125000,141.29,62.05
298629,2018-06-29 11:20:24.156250,88.08,62.05
298630,2018-06-29 11:20:24.187500,33.96,62.05
298631,2018-06-29 11:20:24.218750,-12.18,62.05
298632,2018-06-29 11:20:24.250000,-43.33,62.05
298633,2018-06-29 11:20:24.281250,-59.59,62.05
298634,2018-06-29 11:20:24.312500,-69.18,62.05
298635,2018-06-29 11:20:24.343750,-82.68,62.05
298636,2018-06-29 11:20:24.375000,-104.29,62.05
298637,2018-06-29 11:20:24.406250,-127.77,62.05
298638,2018-06-29 11:20:24.437500,-141.44,62.05
298639,2018-06-29 11:20:24.468750,-138.44,62.05
298640,2018-06-29 11:20:24.500000,-121.34,62.05
298641,2018-06-29 11:20:24.531250,-96.64,62.02
298642,2018-06-29 11:20:24.562500,-67.14,62.02
298643,2018-06-29 11:20:24.593750,-30.94,62.02
298644,2018-06-29 11:20:24.625000,12.63,62.02
298645,2018-06-29 11:20:24.656250,57.35,62.02
298646,2018-06-29 11:20:24.687500,92.91,62.02
298647,2018-06-29 11:20:24.718750,113.76,62.02
298648,2018-06-29 11:20:24.750000,121.14,62.02
298649,2018-06-29 11:20:24.781250,117.9,62.02
298650,2018-06-29 11:20:24.812500,106.49,62.02
298651,2018-06-29 11:20:24.843750,90.94,62.02
298652,2018-06-29 11:20:24.875000,74.78,62.02
298653,2018-06-29 11:20:24.906250,56.87,62.02
298654,2018-06-29 11:20:24.937500,33.04,62.02
298655,2018-06-29 11:20:24.968750,1.49,62.02
298656,2018-06-29 11:20:25.000000,-36.31,62.02
298657,2018-06-29 11:20:25.031250,-77.81,62.02
298658,2018-06-29 11:20:25.062500,-118.01,62.02
298659,2018-06-29 11:20:25.093750,-146.77,62.02
298660,2018-06-29 11:20:25.125000,-150.67,62.02
298661,2018-06-29 11:20:25.156250,-119.44,62.02
298662,2018-06-29 11:20:25.187500,-54.87,62.02
298663,2018-06-29 11:20:25.218750,23.46,62.02
298664,2018-06-29 11:20:25.250000,85.59,62.02
298665,2018-06-29 11:20:25.281250,109.37,62.02
298666,2018-06-29 11:20:25.312500,93.44,62.02
298667,2018-06-29 11:20:25.343750,55.12,62.02
298668,2018-06-29 11:20:25.375000,17.41,62.02
298669,2018-06-29 11:20:25.406250,-4.75,62.02
298670,2018-06-29 11:20:25.437500,-9.47,62.02
298671,2018-06-29 11:20:25.468750,-3.4,62.02
298672,2018-06-29 11:20:25.500000,4.35,62.02
298673,2018-06-29 11:20:25.531250,7.14,62.03
298674,2018-06-29 11:20:25.562500,4.02,62.03
298675,2018-06-29 11:20:25.593750,-1.84,62.03
298676,2018-06-29 11:20:25.625000,-8.84,62.03
298677,2018-06-29 11:20:25.656250,-18.86,62.03
298678,2018-06-29 11:20:25.687500,-32.1,62.03
298679,2018-06-29 11:20:25.718750,-43.57,62.03
298680,2018-06-29 11:20:25.750000,-47.68,62.03
298681,2018-06-29 11:20:25.781250,-43.79,62.03
298682,2018-06-29 11:20:25.812500,-33.53,62.03
298683,2018-06-29 11:20:25.843750,-16.65,62.03
298684,2018-06-29 11:20:25.875000,6.15,62.03
298685,2018-06-29 11:20:25.906250,28.44,62.03
298686,2018-06-29 11:20:25.937500,39.13,62.03
298687,2018-06-29 11:20:25.968750,30.66,62.03
298688,2018-06-29 11:20:26.000000,7.24,62.03
298689,2018-06-29 11:20:26.031250,-16.74,62.03
298690,2018-06-29 11:20:26.062500,-29.01,62.03
298691,2018-06-29 11:20:26.093750,-28.09,62.03
298692,2018-06-29 11:20:26.125000,-20.76,62.03
298693,2018-06-29 11:20:26.156250,-14.83,62.03
298694,2018-06-29 11:20:26.187500,-13.82,62.03
298695,2018-06-29 11:20:26.218750,-15.46,62.03
298696,2018-06-29 11:20:26.250000,-14.91,62.03
298697,2018-06-29 11:20:26.281250,-9.26,62.03
298698,2018-06-29 11:20:26.312500,0.46,62.03
298699,2018-06-29 11:20:26.343750,10.26,62.03
298700,2018-06-29 11:20:26.375000,16.53,62.03
298701,2018-06-29 11:20:26.406250,19.2,62.03
298702,2018-06-29 11:20:26.437500,20.47,62.03
298703,2018-06-29 11:20:26.468750,20.8,62.03
298704,2018-06-29 11:20:26.500000,18.83,62.03
298705,2018-06-29 11:20:26.531250,14.84,62.15
298706,2018-06-29 11:20:26.562500,11.46,62.15
298707,2018-06-29 11:20:26.593750,10.12,62.15
298708,2018-06-29 11:20:26.625000,9.2,62.15
298709,2018-06-29 11:20:26.656250,5.28,62.15
298710,2018-06-29 11:20:26.687500,-3.79,62.15
298711,2018-06-29 11:20:26.718750,-14.51,62.15
298712,2018-06-29 11:20:26.750000,-18.46,62.15
298713,2018-06-29 11:20:26.781250,-11.82,62.15
298714,2018-06-29 11:20:26.812500,0.21,62.15
298715,2018-06-29 11:20:26.843750,11.6,62.15
298716,2018-06-29 11:20:26.875000,20.59,62.15
298717,2018-06-29 11:20:26.906250,25.17,62.15
298718,2018-06-29 11:20:26.937500,22.55,62.15
298719,2018-06-29 11:20:26.968750,14.66,62.15
298720,2018-06-29 11:20:27.000000,8.16,62.15
298721,2018-06-29 11:20:27.031250,6.07,62.15
298722,2018-06-29 11:20:27.062500,4.98,62.15
298723,2018-06-29 11:20:27.093750,0.06,62.15
298724,2018-06-29 11:20:27.125000,-9.23,62.15
298725,2018-06-29 11:20:27.156250,-18.77,62.15
298726,2018-06-29 11:20:27.187500,-22.88,62.15
298727,2018-06-29 11:20:27.218750,-17.57,62.15
298728,2018-06-29 11:20:27.250000,-3.92,62.15
298729,2018-06-29 11:20:27.281250,12.77,62.15
298730,2018-06-29 11:20:27.312500,24.27,62.15
298731,2018-06-29 11:20:27.343750,27.32,62.15
298732,2018-06-29 11:20:27.375000,24.54,62.15
298733,2018-06-29 11:20:27.406250,20.2,62.15
298734,2018-06-29 11:20:27.437500,17.25,62.15
298735,2018-06-29 11:20:27.468750,18.28,62.15
298736,2018-06-29 11:20:27.500000,28.13,62.15
298737,2018-06-29 11:20:27.531250,44.75,62.3
298738,2018-06-29 11:20:27.562500,60.25,62.3
298739,2018-06-29 11:20:27.593750,59.43,62.3
298740,2018-06-29 11:20:27.625000,38.68,62.3
298741,2018-06-29 11:20:27.656250,7.58,62.3
298742,2018-06-29 11:20:27.687500,-24.89,62.3
298743,2018-06-29 11:20:27.718750,-62.45,62.3
298744,2018-06-29 11:20:27.750000,-114.11,62.3
298745,2018-06-29 11:20:27.781250,-171.37,62.3
298746,2018-06-29 11:20:27.812500,-224.57,62.3
298747,2018-06-29 11:20:27.843750,-227.49,62.3
298748,2018-06-29 11:20:27.875000,-150.52,62.3
298749,2018-06-29 11:20:27.906250,-63.9,62.3
298750,2018-06-29 11:20:27.937500,-10.44,62.3
298751,2018-06-29 11:20:27.968750,17.3,62.3
298752,2018-06-29 11:20:28.000000,30.42,62.3
298753,2018-06-29 11:20:28.031250,30.81,62.3
298754,2018-06-29 11:20:28.062500,26.99,62.3
298755,2018-06-29 11:20:28.093750,25.39,62.3
298756,2018-06-29 11:20:28.125000,29.09,62.3
298757,2018-06-29 11:20:28.156250,31.76,62.3
298758,2018-06-29 11:20:28.187500,33.35,62.3
298759,2018-06-29 11:20:28.218750,40.48,62.3
298760,2018-06-29 11:20:28.250000,49.98,62.3
298761,2018-06-29 11:20:28.281250,52.35,62.3
298762,2018-06-29 11:20:28.312500,53.12,62.3
298763,2018-06-29 11:20:28.343750,74.81,62.3
298764,2018-06-29 11:20:28.375000,115.1,62.3
298765,2018-06-29 11:20:28.406250,140.24,62.3
298766,2018-06-29 11:20:28.437500,131.49,62.3
298767,2018-06-29 11:20:28.468750,93.73,62.3
298768,2018-06-29 11:20:28.500000,32.72,62.3
298769,2018-06-29 11:20:28.531250,-36.77,62.48
298770,2018-06-29 11:20:28.562500,-88.07,62.48
298771,2018-06-29 11:20:28.593750,-110.34,62.48
298772,2018-06-29 11:20:28.625000,-109.0,62.48
298773,2018-06-29 11:20:28.656250,-90.2,62.48
298774,2018-06-29 11:20:28.687500,-51.39,62.48
298775,2018-06-29 11:20:28.718750,1.24,62.48
298776,2018-06-29 11:20:28.750000,52.0,62.48
298777,2018-06-29 11:20:28.781250,85.12,62.48
298778,2018-06-29 11:20:28.812500,97.77,62.48
298779,2018-06-29 11:20:28.843750,91.5,62.48
298780,2018-06-29 11:20:28.875000,69.36,62.48
298781,2018-06-29 11:20:28.906250,39.33,62.48
298782,2018-06-29 11:20:28.937500,2.87,62.48
298783,2018-06-29 11:20:28.968750,-46.14,62.48
298784,2018-06-29 11:20:29.000000,-117.76,62.48
298785,2018-06-29 11:20:29.031250,-194.21,62.48
298786,2018-06-29 11:20:29.062500,-243.84,62.48
298787,2018-06-29 11:20:29.093750,-243.8,62.48
298788,2018-06-29 11:20:29.125000,-167.05,62.48
298789,2018-06-29 11:20:29.156250,-73.87,62.48
298790,2018-06-29 11:20:29.187500,-13.38,62.48
298791,2018-06-29 11:20:29.218750,29.46,62.48
298792,2018-06-29 11:20:29.250000,73.64,62.48
298793,2018-06-29 11:20:29.281250,109.67,62.48
298794,2018-06-29 11:20:29.312500,128.87,62.48
298795,2018-06-29 11:20:29.343750,133.72,62.48
298796,2018-06-29 11:20:29.375000,126.45,62.48
298797,2018-06-29 11:20:29.406250,102.65,62.48
298798,2018-06-29 11:20:29.437500,63.73,62.48
298799,2018-06-29 11:20:29.468750,25.49,62.48
298800,2018-06-29 11:20:29.500000,-4.23,62.48
298801,2018-06-29 11:20:29.531250,-27.27,62.67
298802,2018-06-29 11:20:29.562500,-43.34,62.67
298803,2018-06-29 11:20:29.593750,-42.19,62.67
298804,2018-06-29 11:20:29.625000,-21.09,62.67
298805,2018-06-29 11:20:29.656250,9.0,62.67
298806,2018-06-29 11:20:29.687500,39.47,62.67
298807,2018-06-29 11:20:29.718750,67.8,62.67
298808,2018-06-29 11:20:29.750000,98.44,62.67
298809,2018-06-29 11:20:29.781250,132.26,62.67
298810,2018-06-29 11:20:29.812500,166.55,62.67
298811,2018-06-29 11:20:29.843750,193.18,62.67
298812,2018-06-29 11:20:29.875000,203.83,62.67
298813,2018-06-29 11:20:29.906250,194.29,62.67
298814,2018-06-29 11:20:29.937500,157.57,62.67
298815,2018-06-29 11:20:29.968750,103.25,62.67
298816,2018-06-29 11:20:30.000000,41.36,62.67
298817,2018-06-29 11:20:30.031250,-21.52,62.67
298818,2018-06-29 11:20:30.062500,-79.81,62.67
298819,2018-06-29 11:20:30.093750,-128.56,62.67
298820,2018-06-29 11:20:30.125000,-166.22,62.67
298821,2018-06-29 11:20:30.156250,-194.19,62.67
298822,2018-06-29 11:20:30.187500,-215.06,62.67
298823,2018-06-29 11:20:30.218750,-229.58,62.67
298824,2018-06-29 11:20:30.250000,-233.28,62.67
298825,2018-06-29 11:20:30.281250,-226.86,62.67
298826,2018-06-29 11:20:30.312500,-215.25,62.67
298827,2018-06-29 11:20:30.343750,-204.57,62.67
298828,2018-06-29 11:20:30.375000,-193.59,62.67
298829,2018-06-29 11:20:30.406250,-174.98,62.67
298830,2018-06-29 11:20:30.437500,-142.02,62.67
298831,2018-06-29 11:20:30.468750,-96.25,62.67
298832,2018-06-29 11:20:30.500000,-49.28,62.67
298833,2018-06-29 11:20:30.531250,-12.76,62.83
298834,2018-06-29 11:20:30.562500,8.98,62.83
298835,2018-06-29 11:20:30.593750,19.08,62.83
298836,2018-06-29 11:20:30.625000,23.55,62.83
298837,2018-06-29 11:20:30.656250,29.17,62.83
298838,2018-06-29 11:20:30.687500,38.32,62.83
298839,2018-06-29 11:20:30.718750,45.47,62.83
298840,2018-06-29 11:20:30.750000,44.38,62.83
298841,2018-06-29 11:20:30.781250,39.52,62.83
298842,2018-06-29 11:20:30.812500,44.18,62.83
298843,2018-06-29 11:20:30.843750,65.64,62.83
298844,2018-06-29 11:20:30.875000,100.15,62.83
298845,2018-06-29 11:20:30.906250,142.0,62.83
298846,2018-06-29 11:20:30.937500,185.53,62.83
298847,2018-06-29 11:20:30.968750,221.45,62.83
298848,2018-06-29 11:20:31.000000,244.68,62.83
298849,2018-06-29 11:20:31.031250,261.1,62.83
298850,2018-06-29 11:20:31.062500,275.55,62.83
298851,2018-06-29 11:20:31.093750,281.72,62.83
298852,2018-06-29 11:20:31.125000,270.97,62.83
298853,2018-06-29 11:20:31.156250,243.66,62.83
298854,2018-06-29 11:20:31.187500,207.78,62.83
298855,2018-06-29 11:20:31.218750,169.41,62.83
298856,2018-06-29 11:20:31.250000,124.6,62.83
298857,2018-06-29 11:20:31.281250,61.16,62.83
298858,2018-06-29 11:20:31.312500,-26.1,62.83
298859,2018-06-29 11:20:31.343750,-120.48,62.83
298860,2018-06-29 11:20:31.375000,-192.2,62.83
298861,2018-06-29 11:20:31.406250,-224.21,62.83
298862,2018-06-29 11:20:31.437500,-222.96,62.83
298863,2018-06-29 11:20:31.468750,-206.24,62.83
298864,2018-06-29 11:20:31.500000,-190.52,62.83
298865,2018-06-29 11:20:31.531250,-186.2,62.95
298866,2018-06-29 11:20:31.562500,-191.21,62.95
298867,2018-06-29 11:20:31.593750,-189.2,62.95
298868,2018-06-29 11:20:31.625000,-164.87,62.95
298869,2018-06-29 11:20:31.656250,-120.31,62.95
298870,2018-06-29 11:20:31.687500,-70.62,62.95
298871,2018-06-29 11:20:31.718750,-27.9,62.95
298872,2018-06-29 11:20:31.750000,3.94,62.95
298873,2018-06-29 11:20:31.781250,24.32,62.95
298874,2018-06-29 11:20:31.812500,33.38,62.95
298875,2018-06-29 11:20:31.843750,33.24,62.95
298876,2018-06-29 11:20:31.875000,27.53,62.95
298877,2018-06-29 11:20:31.906250,19.71,62.95
298878,2018-06-29 11:20:31.937500,11.9,62.95
298879,2018-06-29 11:20:31.968750,5.72,62.95
298880,2018-06-29 11:20:32.000000,2.53,62.95
298881,2018-06-29 11:20:32.031250,0.69,62.95
298882,2018-06-29 11:20:32.062500,-5.14,62.95
298883,2018-06-29 11:20:32.093750,-17.67,62.95
298884,2018-06-29 11:20:32.125000,-32.9,62.95
298885,2018-06-29 11:20:32.156250,-46.95,62.95
298886,2018-06-29 11:20:32.187500,-62.62,62.95
298887,2018-06-29 11:20:32.218750,-84.47,62.95
298888,2018-06-29 11:20:32.250000,-109.02,62.95
298889,2018-06-29 11:20:32.281250,-121.62,62.95
298890,2018-06-29 11:20:32.312500,-107.15,62.95
298891,2018-06-29 11:20:32.343750,-66.89,62.95
298892,2018-06-29 11:20:32.375000,-19.82,62.95
298893,2018-06-29 11:20:32.406250,15.45,62.95
298894,2018-06-29 11:20:32.437500,33.54,62.95
298895,2018-06-29 11:20:32.468750,37.61,62.95
298896,2018-06-29 11:20:32.500000,32.5,62.95
298897,2018-06-29 11:20:32.531250,24.58,63.07
298898,2018-06-29 11:20:32.562500,21.06,63.07
298899,2018-06-29 11:20:32.593750,26.69,63.07
298900,2018-06-29 11:20:32.625000,40.51,63.07
298901,2018-06-29 11:20:32.656250,55.7,63.07
298902,2018-06-29 11:20:32.687500,66.22,63.07
298903,2018-06-29 11:20:32.718750,74.63,63.07
298904,2018-06-29 11:20:32.750000,88.65,63.07
298905,2018-06-29 11:20:32.781250,108.85,63.07
298906,2018-06-29 11:20:32.812500,120.82,63.07
298907,2018-06-29 11:20:32.843750,103.55,63.07
298908,2018-06-29 11:20:32.875000,49.78,63.07
298909,2018-06-29 11:20:32.906250,-25.1,63.07
298910,2018-06-29 11:20:32.937500,-93.55,63.07
298911,2018-06-29 11:20:32.968750,-129.88,63.07
298912,2018-06-29 11:20:33.000000,-122.14,63.07
298913,2018-06-29 11:20:33.031250,-81.85,63.07
298914,2018-06-29 11:20:33.062500,-36.32,63.07
298915,2018-06-29 11:20:33.093750,-4.71,63.07
298916,2018-06-29 11:20:33.125000,11.99,63.07
298917,2018-06-29 11:20:33.156250,19.94,63.07
298918,2018-06-29 11:20:33.187500,21.49,63.07
298919,2018-06-29 11:20:33.218750,15.84,63.07
298920,2018-06-29 11:20:33.250000,5.64,63.07
298921,2018-06-29 11:20:33.281250,-2.61,63.07
298922,2018-06-29 11:20:33.312500,-5.94,63.07
298923,2018-06-29 11:20:33.343750,-7.47,63.07
298924,2018-06-29 11:20:33.375000,-10.92,63.07
298925,2018-06-29 11:20:33.406250,-17.69,63.07
298926,2018-06-29 11:20:33.437500,-28.04,63.07
298927,2018-06-29 11:20:33.468750,-40.44,63.07
298928,2018-06-29 11:20:33.500000,-52.22,63.07
298929,2018-06-29 11:20:33.531250,-64.07,63.15
298930,2018-06-29 11:20:33.562500,-78.76,63.15
298931,2018-06-29 11:20:33.593750,-90.55,63.15
298932,2018-06-29 11:20:33.625000,-83.74,63.15
298933,2018-06-29 11:20:33.656250,-49.35,63.15
298934,2018-06-29 11:20:33.687500,2.1,63.15
298935,2018-06-29 11:20:33.718750,51.07,63.15
298936,2018-06-29 11:20:33.750000,85.88,63.15
298937,2018-06-29 11:20:33.781250,105.02,63.15
298938,2018-06-29 11:20:33.812500,111.06,63.15
298939,2018-06-29 11:20:33.843750,108.63,63.15
298940,2018-06-29 11:20:33.875000,102.54,63.15
298941,2018-06-29 11:20:33.906250,93.82,63.15
298942,2018-06-29 11:20:33.937500,81.88,63.15
298943,2018-06-29 11:20:33.968750,70.04,63.15
298944,2018-06-29 11:20:34.000000,62.58,63.15
298945,2018-06-29 11:20:34.031250,57.31,63.15
298946,2018-06-29 11:20:34.062500,48.48,63.15
298947,2018-06-29 11:20:34.093750,35.8,63.15
298948,2018-06-29 11:20:34.125000,24.3,63.15
298949,2018-06-29 11:20:34.156250,16.56,63.15
